{"stats":{"minecraft:picked_up":{"minecraft:dandelion":1,"minecraft:oak_log":8,"minecraft:poppy":1,"minecraft:sugar_cane":5,"minecraft:dirt":4},"minecraft:used":{"minecraft:dirt":2,"minecraft:poppy":1,"minecraft:dandelion":1,"minecraft:sugar_cane":5},"minecraft:custom":{"minecraft:time_since_rest":23900,"minecraft:damage_taken":110,"minecraft:crouch_one_cm":1257,"minecraft:sprint_one_cm":13120,"minecraft:play_time":23900,"minecraft:walk_one_cm":10643,"minecraft:sneak_time":174,"minecraft:jump":67,"minecraft:leave_game":4,"minecraft:walk_on_water_one_cm":55,"minecraft:time_since_death":23900,"minecraft:total_world_time":23900,"minecraft:fall_one_cm":1852,"minecraft:fly_one_cm":15176},"minecraft:mined":{"minecraft:grass_block":1,"minecraft:oak_log":8,"minecraft:poppy":1,"minecraft:dirt":3,"minecraft:birch_leaves":3,"minecraft:dandelion":1,"minecraft:sugar_cane":2,"minecraft:oak_leaves":1}},"DataVersion":3465}