{"stats":{"minecraft:picked_up":{"minecraft:dandelion":1,"minecraft:oak_log":8,"minecraft:poppy":1,"minecraft:sugar_cane":5},"minecraft:used":{"minecraft:poppy":1,"minecraft:dandelion":1,"minecraft:sugar_cane":5},"minecraft:custom":{"minecraft:time_since_rest":8516,"minecraft:crouch_one_cm":1257,"minecraft:sprint_one_cm":11993,"minecraft:play_time":8516,"minecraft:walk_one_cm":8661,"minecraft:sneak_time":174,"minecraft:jump":65,"minecraft:leave_game":2,"minecraft:walk_on_water_one_cm":55,"minecraft:time_since_death":8516,"minecraft:total_world_time":8516,"minecraft:fly_one_cm":15176,"minecraft:fall_one_cm":1852},"minecraft:mined":{"minecraft:oak_log":8,"minecraft:poppy":1,"minecraft:birch_leaves":3,"minecraft:sugar_cane":2,"minecraft:dandelion":1,"minecraft:oak_leaves":1}},"DataVersion":3465}