{"stats":{"minecraft:picked_up":{"minecraft:oak_log":6},"minecraft:custom":{"minecraft:jump":2,"minecraft:time_since_rest":1456,"minecraft:leave_game":1,"minecraft:crouch_one_cm":853,"minecraft:sprint_one_cm":1015,"minecraft:play_time":1456,"minecraft:time_since_death":1456,"minecraft:walk_one_cm":875,"minecraft:sneak_time":118,"minecraft:total_world_time":1456,"minecraft:fall_one_cm":269,"minecraft:fly_one_cm":337},"minecraft:mined":{"minecraft:oak_log":6,"minecraft:oak_leaves":1}},"DataVersion":3465}